<annotation>
	<folder>with_mask</folder>
	<filename>10-with-mask.jpg</filename>
	<path>C:\Users\arjun\Arjun_Programs\Arjun_Facemask\utils\images\with_mask\10-with-mask.jpg</path>
	<source>
		<database>Unknown</database>
	</source>
	<size>
		<width>233</width>
		<height>350</height>
		<depth>3</depth>
	</size>
	<segmented>0</segmented>
	<object>
		<name>Mask</name>
		<pose>Unspecified</pose>
		<truncated>0</truncated>
		<difficult>0</difficult>
		<bndbox>
			<xmin>57</xmin>
			<ymin>62</ymin>
			<xmax>172</xmax>
			<ymax>174</ymax>
		</bndbox>
	</object>
</annotation>
