<annotation>
	<folder>without_mask</folder>
	<filename>106.jpg</filename>
	<path>C:\Users\HP\Videos\Ineuron\DL3\Dataset-Covid19\without_mask\106.jpg</path>
	<source>
		<database>Unknown</database>
	</source>
	<size>
		<width>428</width>
		<height>484</height>
		<depth>3</depth>
	</size>
	<segmented>0</segmented>
	<object>
		<name>No Mask</name>
		<pose>Unspecified</pose>
		<truncated>0</truncated>
		<difficult>0</difficult>
		<bndbox>
			<xmin>45</xmin>
			<ymin>33</ymin>
			<xmax>388</xmax>
			<ymax>402</ymax>
		</bndbox>
	</object>
</annotation>
