<annotation>
	<folder>without_mask</folder>
	<filename>110.jpg</filename>
	<path>C:\Users\HP\Videos\Ineuron\DL3\Dataset-Covid19\without_mask\110.jpg</path>
	<source>
		<database>Unknown</database>
	</source>
	<size>
		<width>594</width>
		<height>960</height>
		<depth>3</depth>
	</size>
	<segmented>0</segmented>
	<object>
		<name>No Mask</name>
		<pose>Unspecified</pose>
		<truncated>0</truncated>
		<difficult>0</difficult>
		<bndbox>
			<xmin>41</xmin>
			<ymin>52</ymin>
			<xmax>437</xmax>
			<ymax>437</ymax>
		</bndbox>
	</object>
</annotation>
