<annotation>
	<folder>x</folder>
	<filename>113.png</filename>
	<path>C:\Users\HP\Videos\Ineuron\DL3\Dataset-Covid19\x\113.png</path>
	<source>
		<database>Unknown</database>
	</source>
	<size>
		<width>569</width>
		<height>425</height>
		<depth>3</depth>
	</size>
	<segmented>0</segmented>
	<object>
		<name>Mask</name>
		<pose>Unspecified</pose>
		<truncated>0</truncated>
		<difficult>0</difficult>
		<bndbox>
			<xmin>380</xmin>
			<ymin>87</ymin>
			<xmax>466</xmax>
			<ymax>175</ymax>
		</bndbox>
	</object>
</annotation>
