<annotation>
	<folder>with_mask</folder>
	<filename>12-with-mask.jpg</filename>
	<path>C:\Users\HP\Videos\Ineuron\DL3\Dataset-Covid19\with_mask\12-with-mask.jpg</path>
	<source>
		<database>Unknown</database>
	</source>
	<size>
		<width>622</width>
		<height>350</height>
		<depth>3</depth>
	</size>
	<segmented>0</segmented>
	<object>
		<name>Mask</name>
		<pose>Unspecified</pose>
		<truncated>0</truncated>
		<difficult>0</difficult>
		<bndbox>
			<xmin>212</xmin>
			<ymin>75</ymin>
			<xmax>411</xmax>
			<ymax>285</ymax>
		</bndbox>
	</object>
</annotation>
