<annotation>
	<folder>x</folder>
	<filename>120.png</filename>
	<path>C:\Users\HP\Videos\Ineuron\DL3\Dataset-Covid19\x\120.png</path>
	<source>
		<database>Unknown</database>
	</source>
	<size>
		<width>477</width>
		<height>358</height>
		<depth>3</depth>
	</size>
	<segmented>0</segmented>
	<object>
		<name>Mask</name>
		<pose>Unspecified</pose>
		<truncated>0</truncated>
		<difficult>0</difficult>
		<bndbox>
			<xmin>90</xmin>
			<ymin>126</ymin>
			<xmax>144</xmax>
			<ymax>191</ymax>
		</bndbox>
	</object>
	<object>
		<name>Mask</name>
		<pose>Unspecified</pose>
		<truncated>0</truncated>
		<difficult>0</difficult>
		<bndbox>
			<xmin>185</xmin>
			<ymin>126</ymin>
			<xmax>235</xmax>
			<ymax>190</ymax>
		</bndbox>
	</object>
	<object>
		<name>Mask</name>
		<pose>Unspecified</pose>
		<truncated>0</truncated>
		<difficult>0</difficult>
		<bndbox>
			<xmin>389</xmin>
			<ymin>136</ymin>
			<xmax>451</xmax>
			<ymax>206</ymax>
		</bndbox>
	</object>
</annotation>
