<annotation>
	<folder>x</folder>
	<filename>121.png</filename>
	<path>C:\Users\HP\Videos\Ineuron\DL3\Dataset-Covid19\x\121.png</path>
	<source>
		<database>Unknown</database>
	</source>
	<size>
		<width>513</width>
		<height>385</height>
		<depth>3</depth>
	</size>
	<segmented>0</segmented>
	<object>
		<name>Mask</name>
		<pose>Unspecified</pose>
		<truncated>0</truncated>
		<difficult>0</difficult>
		<bndbox>
			<xmin>62</xmin>
			<ymin>125</ymin>
			<xmax>165</xmax>
			<ymax>246</ymax>
		</bndbox>
	</object>
	<object>
		<name>Mask</name>
		<pose>Unspecified</pose>
		<truncated>0</truncated>
		<difficult>0</difficult>
		<bndbox>
			<xmin>267</xmin>
			<ymin>164</ymin>
			<xmax>335</xmax>
			<ymax>224</ymax>
		</bndbox>
	</object>
	<object>
		<name>Mask</name>
		<pose>Unspecified</pose>
		<truncated>0</truncated>
		<difficult>0</difficult>
		<bndbox>
			<xmin>419</xmin>
			<ymin>155</ymin>
			<xmax>511</xmax>
			<ymax>254</ymax>
		</bndbox>
	</object>
</annotation>
