<annotation>
	<folder>with_mask</folder>
	<filename>24-with-mask.jpg</filename>
	<path>C:\Users\HP\Videos\Ineuron\DL3\Dataset-Covid19\with_mask\24-with-mask.jpg</path>
	<source>
		<database>Unknown</database>
	</source>
	<size>
		<width>349</width>
		<height>367</height>
		<depth>3</depth>
	</size>
	<segmented>0</segmented>
	<object>
		<name>Mask</name>
		<pose>Unspecified</pose>
		<truncated>0</truncated>
		<difficult>0</difficult>
		<bndbox>
			<xmin>29</xmin>
			<ymin>5</ymin>
			<xmax>286</xmax>
			<ymax>300</ymax>
		</bndbox>
	</object>
</annotation>
