<annotation>
	<folder>without_mask</folder>
	<filename>26.jpg</filename>
	<path>C:\Users\HP\Videos\Ineuron\DL3\Dataset-Covid19\without_mask\26.jpg</path>
	<source>
		<database>Unknown</database>
	</source>
	<size>
		<width>444</width>
		<height>455</height>
		<depth>3</depth>
	</size>
	<segmented>0</segmented>
	<object>
		<name>No Mask</name>
		<pose>Unspecified</pose>
		<truncated>0</truncated>
		<difficult>0</difficult>
		<bndbox>
			<xmin>55</xmin>
			<ymin>37</ymin>
			<xmax>332</xmax>
			<ymax>346</ymax>
		</bndbox>
	</object>
</annotation>
