<annotation>
	<folder>with_mask</folder>
	<filename>32-with-mask.jpg</filename>
	<path>C:\Users\HP\Videos\Ineuron\DL3\Dataset-Covid19\with_mask\32-with-mask.jpg</path>
	<source>
		<database>Unknown</database>
	</source>
	<size>
		<width>317</width>
		<height>458</height>
		<depth>3</depth>
	</size>
	<segmented>0</segmented>
	<object>
		<name>Mask</name>
		<pose>Unspecified</pose>
		<truncated>0</truncated>
		<difficult>0</difficult>
		<bndbox>
			<xmin>32</xmin>
			<ymin>62</ymin>
			<xmax>247</xmax>
			<ymax>365</ymax>
		</bndbox>
	</object>
</annotation>
