<annotation>
	<folder>with_mask</folder>
	<filename>36-with-mask.jpg</filename>
	<path>C:\Users\HP\Videos\Ineuron\DL3\Dataset-Covid19\with_mask\36-with-mask.jpg</path>
	<source>
		<database>Unknown</database>
	</source>
	<size>
		<width>167</width>
		<height>230</height>
		<depth>3</depth>
	</size>
	<segmented>0</segmented>
	<object>
		<name>Mask</name>
		<pose>Unspecified</pose>
		<truncated>1</truncated>
		<difficult>0</difficult>
		<bndbox>
			<xmin>1</xmin>
			<ymin>10</ymin>
			<xmax>165</xmax>
			<ymax>225</ymax>
		</bndbox>
	</object>
</annotation>
