<annotation>
	<folder>with_mask</folder>
	<filename>53-with-mask.jpg</filename>
	<path>C:\Users\HP\Videos\Ineuron\DL3\Dataset-Covid19\with_mask\53-with-mask.jpg</path>
	<source>
		<database>Unknown</database>
	</source>
	<size>
		<width>226</width>
		<height>280</height>
		<depth>3</depth>
	</size>
	<segmented>0</segmented>
	<object>
		<name>Mask</name>
		<pose>Unspecified</pose>
		<truncated>0</truncated>
		<difficult>0</difficult>
		<bndbox>
			<xmin>20</xmin>
			<ymin>17</ymin>
			<xmax>184</xmax>
			<ymax>224</ymax>
		</bndbox>
	</object>
</annotation>
