<annotation>
	<folder>without_mask</folder>
	<filename>7.jpg</filename>
	<path>C:\Users\HP\Videos\Ineuron\DL3\Dataset-Covid19\without_mask\7.jpg</path>
	<source>
		<database>Unknown</database>
	</source>
	<size>
		<width>864</width>
		<height>864</height>
		<depth>3</depth>
	</size>
	<segmented>0</segmented>
	<object>
		<name>No Mask</name>
		<pose>Unspecified</pose>
		<truncated>0</truncated>
		<difficult>0</difficult>
		<bndbox>
			<xmin>29</xmin>
			<ymin>33</ymin>
			<xmax>495</xmax>
			<ymax>656</ymax>
		</bndbox>
	</object>
</annotation>
