<annotation>
	<folder>without_mask</folder>
	<filename>81.jpg</filename>
	<path>C:\Users\HP\Videos\Ineuron\DL3\Dataset-Covid19\without_mask\81.jpg</path>
	<source>
		<database>Unknown</database>
	</source>
	<size>
		<width>209</width>
		<height>258</height>
		<depth>3</depth>
	</size>
	<segmented>0</segmented>
	<object>
		<name>No Mask</name>
		<pose>Unspecified</pose>
		<truncated>0</truncated>
		<difficult>0</difficult>
		<bndbox>
			<xmin>21</xmin>
			<ymin>24</ymin>
			<xmax>184</xmax>
			<ymax>229</ymax>
		</bndbox>
	</object>
</annotation>
