<annotation>
	<folder>without_mask</folder>
	<filename>83.jpg</filename>
	<path>C:\Users\HP\Videos\Ineuron\DL3\Dataset-Covid19\without_mask\83.jpg</path>
	<source>
		<database>Unknown</database>
	</source>
	<size>
		<width>327</width>
		<height>433</height>
		<depth>3</depth>
	</size>
	<segmented>0</segmented>
	<object>
		<name>No Mask</name>
		<pose>Unspecified</pose>
		<truncated>0</truncated>
		<difficult>0</difficult>
		<bndbox>
			<xmin>44</xmin>
			<ymin>33</ymin>
			<xmax>319</xmax>
			<ymax>360</ymax>
		</bndbox>
	</object>
</annotation>
