<annotation>
	<folder>without_mask</folder>
	<filename>89.jpg</filename>
	<path>C:\Users\HP\Videos\Ineuron\DL3\Dataset-Covid19\without_mask\89.jpg</path>
	<source>
		<database>Unknown</database>
	</source>
	<size>
		<width>531</width>
		<height>800</height>
		<depth>3</depth>
	</size>
	<segmented>0</segmented>
	<object>
		<name>No Mask</name>
		<pose>Unspecified</pose>
		<truncated>0</truncated>
		<difficult>0</difficult>
		<bndbox>
			<xmin>46</xmin>
			<ymin>94</ymin>
			<xmax>501</xmax>
			<ymax>644</ymax>
		</bndbox>
	</object>
</annotation>
