<annotation>
	<folder>with_mask</folder>
	<filename>augmented_image_131.jpg</filename>
	<path>C:\Users\HP\Videos\Ineuron\DL3\Dataset-Covid19\with_mask\augmented_image_131.jpg</path>
	<source>
		<database>Unknown</database>
	</source>
	<size>
		<width>960</width>
		<height>960</height>
		<depth>3</depth>
	</size>
	<segmented>0</segmented>
	<object>
		<name>Mask</name>
		<pose>Unspecified</pose>
		<truncated>0</truncated>
		<difficult>0</difficult>
		<bndbox>
			<xmin>271</xmin>
			<ymin>17</ymin>
			<xmax>730</xmax>
			<ymax>515</ymax>
		</bndbox>
	</object>
</annotation>
