<annotation>
	<folder>with_mask</folder>
	<filename>augmented_image_35.jpg</filename>
	<path>C:\Users\HP\Videos\Ineuron\DL3\Dataset-Covid19\with_mask\augmented_image_35.jpg</path>
	<source>
		<database>Unknown</database>
	</source>
	<size>
		<width>191</width>
		<height>213</height>
		<depth>3</depth>
	</size>
	<segmented>0</segmented>
	<object>
		<name>Mask</name>
		<pose>Unspecified</pose>
		<truncated>0</truncated>
		<difficult>0</difficult>
		<bndbox>
			<xmin>42</xmin>
			<ymin>16</ymin>
			<xmax>169</xmax>
			<ymax>170</ymax>
		</bndbox>
	</object>
</annotation>
