<annotation>
	<folder>without_mask</folder>
	<filename>augmented_image_162.jpg</filename>
	<path>C:\Users\HP\Videos\Ineuron\DL3\Dataset-Covid19\without_mask\augmented_image_162.jpg</path>
	<source>
		<database>Unknown</database>
	</source>
	<size>
		<width>320</width>
		<height>428</height>
		<depth>3</depth>
	</size>
	<segmented>0</segmented>
	<object>
		<name>No Mask</name>
		<pose>Unspecified</pose>
		<truncated>0</truncated>
		<difficult>0</difficult>
		<bndbox>
			<xmin>24</xmin>
			<ymin>46</ymin>
			<xmax>274</xmax>
			<ymax>370</ymax>
		</bndbox>
	</object>
</annotation>
